video_id,comment,comment_date
xJlgtV8L7Jc,For more on this: https://sc.mp/gjys,2023-07-26T04:11:40Z
xJlgtV8L7Jc,"Yes,  punish the criminals , not the innocent people",2023-08-03T03:52:04Z
xJlgtV8L7Jc,"Flor Contemplacion had been there. Filipinos know it, and a movie had been made out of her experience.",2023-08-02T15:10:36Z
xJlgtV8L7Jc,Bravo Singapore.,2023-08-01T17:07:10Z
xJlgtV8L7Jc,Don't mind these westoids. I'm half Indonesian-Malaysian and I applaud Singapore's effort for combating drug trafficking,2023-08-01T08:46:42Z
xJlgtV8L7Jc,"No wonder Singapore has the most powerful passport, toppling Japan this year.

They don't fck around with their laws.",2023-08-01T07:57:54Z
xJlgtV8L7Jc,What a BARBARIC state,2023-08-01T03:29:26Z
xJlgtV8L7Jc,What you dont understand is that these are not drug dealer but they were force to do this because they or a family member probably owe money to gangsters...but since they were caught and so the Singapore government is actually doing the gangsters bidding by killing them for getting caught.,2023-08-01T00:52:59Z
xJlgtV8L7Jc,HANGED.,2023-07-31T18:09:42Z
xJlgtV8L7Jc,I'm thankful to our government for taking a tough stance against drug offences. Thanking for keeping our country safe.,2023-07-31T07:27:45Z
xJlgtV8L7Jc,But what if someone was tricked/forced into smuggling drugs,2023-07-31T00:38:29Z
xJlgtV8L7Jc,Meanwhile the liberals in the USA are working hard to legalize narcotics and crimes.,2023-07-30T19:07:22Z
xJlgtV8L7Jc,Do not lax the laws. People need to look at the US. It is in chaos.,2023-07-30T08:25:53Z
xJlgtV8L7Jc,Wonder why Singapore keeps killing people left and right when the death penalty is apparently such a great deterrent to crime? ğŸ¤”ğŸ¤”ğŸ¤”ğŸ¤”,2023-07-30T07:57:10Z
xJlgtV8L7Jc,Please help me understand: why are the people of Singapore holding up protest signs in English? Who exactly are they protesting in a foreign language? They must either be protesting English-speaking based companies or this is a setup for the cameras.,2023-07-30T05:27:22Z
xJlgtV8L7Jc,The USA should follow this and be strict about their laws.,2023-07-30T05:24:41Z
xJlgtV8L7Jc,Well done well done. This is what's needed in America where people openly use drugs and cities are like zombie town. 1 drug dealer = tens of thousands destroyed families,2023-07-30T04:34:29Z
xJlgtV8L7Jc,"Sympathy drug traffickers just showing how naive some people are, they took away thousands of lives, do they care?",2023-07-30T03:26:48Z
xJlgtV8L7Jc,A bit to the extreme. Hanging a person for one ounce. I don't do drugs and never plan to for the rest of my life. But this is really extreme. Remind me never to move to Singapore ğŸ˜®ğŸ˜“,2023-07-30T02:03:20Z
xJlgtV8L7Jc,"Much respect to Singapore for protecting its citizens from one of the biggest scourges of our times. If the penalty is too draconian for you, it's really simple: Go peddle drugs in someone else's country!",2023-07-29T21:35:01Z
xJlgtV8L7Jc,We need to do this in south america,2023-07-29T20:00:42Z
xJlgtV8L7Jc,W singapore,2023-07-29T18:24:27Z
xJlgtV8L7Jc,"People defending drug traffickers and this system are not thinking about the lives those traffickers have, and would have ruined. What justice do you have for the lives lost and families destroyed by these criminals? They made choices to destroy and ruin lives of other people for self gain, yet we must pity them when their lives are taken from them based on their selfish actions? Does putting them to jail for several years bring back the lives they have taken themselves?
Society sometimes can be illogical. Refusal to accept consequences for vile actions of an individual is a flaw of the irrational.",2023-07-29T15:40:16Z
xJlgtV8L7Jc,The beat is insane,2023-07-29T14:53:38Z
xJlgtV8L7Jc,I'm sorry what? Death by hanging for a drug related offense? Dafuq? o.O,2023-07-29T14:37:39Z
xJlgtV8L7Jc,A great solution is to send the human rights groups to drug capital. Just a short 1 week trip should be enough.,2023-07-29T11:14:32Z
xJlgtV8L7Jc,"A Chinese national was murdered by a robber in Singapore. The robber was sentenced to death and rights group appealed for giving him a second chance? Was that Chinese laborer given a second chance? Is his family given a second chance? Like most migrant workers, he took a huge loan to pay the agent, left his family behind and came to Singapore to take up job Singaporeans shunned. Please don't say nobody forced him to come. Should your boss appreciate your contribution or what he thinks of you is your working for him is because of money; nobody forces you to work for him?",2023-07-29T10:02:58Z
xJlgtV8L7Jc,"Hanging people is extremely cruel and barbaric, this should never be done to another human.",2023-07-29T09:04:03Z
xJlgtV8L7Jc,Womens rights,2023-07-29T05:36:18Z
xJlgtV8L7Jc,In Singapore most of the crime does by Indians the British brought them here as laborers but the new generation no changed I mean Their convict genes are still active.,2023-07-29T03:39:14Z
xJlgtV8L7Jc,â¤ Singapore,2023-07-29T03:11:56Z
xJlgtV8L7Jc,The drug trafficers alone are murderers,2023-07-29T03:09:02Z
xJlgtV8L7Jc,No sympathy whatsoever.,2023-07-29T02:48:16Z
xJlgtV8L7Jc,The Philippines should bring back it's capital punishment in order to enforce it's drug war effectively.,2023-07-29T02:15:23Z
xJlgtV8L7Jc,"If this was in the U.S and they had alot of honest government authorities, alot of white police officers and politicians would be executed for all the drugs they've brought into our Latino and black communities.",2023-07-29T00:42:43Z
xJlgtV8L7Jc,80% of the USA population would disappear with these drug laws in place ğŸ˜³,2023-07-29T00:11:58Z
xJlgtV8L7Jc,Thank goodness some countries still punish criminals ğŸ‘ğŸ»,2023-07-28T22:39:36Z
xJlgtV8L7Jc,Now if only we can do the same for human traffickers.,2023-07-28T21:54:09Z
xJlgtV8L7Jc,Why don't they do this in the United States??,2023-07-28T19:19:44Z
xJlgtV8L7Jc,Thatâ€™s why Singapore is so ahead . They are extremely strict with their law and order.,2023-07-28T19:03:49Z
xJlgtV8L7Jc,please put the wonderful execution video on youtube to deter others and so we can be entertained.,2023-07-28T18:19:15Z
xJlgtV8L7Jc,suppose u book a hotel as a tourist and the drugs are hidden in the room and u are not aware of it and they found out. What u think is going to happen to u?,2023-07-28T17:33:55Z
xJlgtV8L7Jc,Sad that they remain so uncivilized.,2023-07-28T17:24:23Z
xJlgtV8L7Jc,"It amazes me how many of you would rather see people who use drugs die rather than help them.  This world literally has ""no love for your neighbor""",2023-07-28T17:19:20Z
xJlgtV8L7Jc,Seems like it was never an issue until a girl was executed.,2023-07-28T17:05:36Z
xJlgtV8L7Jc,"Those human rights who said executions doesnt work, go live in chicago, oakland, LA drug infested cities for a year....
I think US execute more ppl tham singapore per year...",2023-07-28T17:00:35Z
xJlgtV8L7Jc,Then suppose you are under duress  and couldn't avoid happening it in ur possession and then they caught you .Do you think they are going to believe you were threatened? The death penalty should not be a mandatory sentence. They are evil government,2023-07-28T16:52:45Z
xJlgtV8L7Jc,I love singapore,2023-07-28T16:44:16Z
xJlgtV8L7Jc,"Image the same law is adopted in the US, it would be a better place.",2023-07-28T14:26:32Z
xJlgtV8L7Jc,"This the the best decision ever. Nip off the bud while it's still young . Otherwise it will destroy the whole society and things will be out of hands . When drugs enters it damages humans mind , breaks home , Children become out of control .",2023-07-28T13:24:16Z
xJlgtV8L7Jc,The death penalty is a great deterrent to crime.,2023-07-28T12:59:28Z
xJlgtV8L7Jc,"I have no sympathy for drug traffickers because they chose to disregard Singapore law. Is it sad for the family? No, not even one respect should be given. The law is the law. You have a lot of choices, however you dig this grave for yourself.",2023-07-28T12:34:52Z
xJlgtV8L7Jc,Its not ok to deal drugs.  But its ok to execute people ...  Makes total sense.,2023-07-28T10:20:18Z
xJlgtV8L7Jc,"Force labor camps are a better punishment for basically anything, but still getting these disgusting creatures out of the world is still nice.",2023-07-28T10:19:44Z
xJlgtV8L7Jc,"Well done Singapore! Capital punishment should apply to those drug addicts and drug traffickers, thisâ€™s the only way to combat drug problems.",2023-07-28T10:09:19Z
xJlgtV8L7Jc,Is killing your prisoners justice?,2023-07-28T10:02:16Z
xJlgtV8L7Jc,If you have qualms about the death penalty just search for Philadelphia Kensington St and see how drugs have created entire neighbourhoods of addicts.,2023-07-28T09:02:24Z
xJlgtV8L7Jc,"Why not introduce the death penalty for stealing a chocolate bar, that will make those evil doers think twice!",2023-07-28T07:57:23Z
xJlgtV8L7Jc,you are executing mules. why not prosecute the govt of the country where the drugs came for drug xray or detection incompetence (abetting the commission of a crime). the singapore police should trace the drug main players in their country & the country where it came. singapore should file diplomatic protest against the govt of the country where it came why they ain't exercise extraordinary diligence in detecting the drug contraband. carriers & transporters are so poor they exchange their precious lives for a small piece of singaporean bread w/o even a thin spread of singaporean butter. the penalty is too harsh for a mule. go find & look for the big drug lords.,2023-07-28T07:48:58Z
xJlgtV8L7Jc,Im Chinese wolf warrior. Im have to fight to free Taiwan from oppressive democracy !! ğŸ˜ ğŸ˜ ,2023-07-28T06:49:07Z
xJlgtV8L7Jc,"Sheer barbarism. The use of killing as a community response to any individual action is hideous and, thankfully, is outlawed in most countries. It's long past time for Singapore to join the 21st century.",2023-07-28T06:23:40Z
xJlgtV8L7Jc,"Human Rights defending drug traffickers should look at Los Angeles and San Francisco.Drug addicts,crime and homeless rampant and out of control.",2023-07-28T06:19:05Z
xJlgtV8L7Jc,We need this in America it's cheaper than sending them to prison for 20 yrs. to save money also & preventing overcrowded place,2023-07-28T05:57:27Z
xJlgtV8L7Jc,I cannot find anywhere what saridewi djamani look like,2023-07-28T05:31:42Z
xJlgtV8L7Jc,"No One in the World Dares to Challenge our ministers on Death Penalty. Case in point, Billionaire Sir Richie Mc Branson also declined accepting invitation to debate in sunny singapore.ğŸ˜… How about if debate were to be held on International Waters ? On his super yatch or Jet?",2023-07-28T05:11:24Z
xJlgtV8L7Jc,This should be a law in America.,2023-07-28T00:30:46Z
xJlgtV8L7Jc,"What if drugs are smuggled by someone else in your suitcase without you knowing?
There are still far too many barbaric states and people on this planet.

One should avoid going into criminal states like Singapore,  China, Iran and Saudia Arabia.",2023-07-27T23:34:35Z
xJlgtV8L7Jc,No sympathy for drug dealers.,2023-07-27T22:27:04Z
xJlgtV8L7Jc,"For a drug trafficker, one death is far too kind. - Lee Kuan Yew",2023-07-27T20:20:12Z
xJlgtV8L7Jc,So much for thinkin they were smarter than the law!,2023-07-27T19:44:30Z
xJlgtV8L7Jc,More females should be executed for the same crimes that the men are. I have no sympathy for them.,2023-07-27T18:36:29Z
xJlgtV8L7Jc,W singapore,2023-07-27T15:32:59Z
xJlgtV8L7Jc,What's there to protest? It's not like the law only came into place after they are caught...,2023-07-27T15:12:21Z
xJlgtV8L7Jc,"Simple..
Druggists just stay in your country if you can't stay clean or go else where they welcome druggists with no death penalty. Stay out of Singapore!! You'll never be welcome here!! 
We're not like the weak US authorities & politicians who dare not challenge their drug abused, guns, gun violence & all the problems that comes with it happening across their country to avoid losing votes or they're just simply incompetent..",2023-07-27T14:53:56Z
xJlgtV8L7Jc,Should apply to all countries,2023-07-27T14:21:32Z
xJlgtV8L7Jc,One life for the life of millions well i say let's do it...all those feminist out there fkk you all if a man gets executed a woman can as well,2023-07-27T14:15:48Z
xJlgtV8L7Jc,STOOPID group 1:07,2023-07-27T13:56:09Z
xJlgtV8L7Jc,Puffed the magic dragon going thru Changi airport they only lynch Ozzies there I'm from NZ ğŸ˜‚ğŸ˜…,2023-07-27T13:54:01Z
xJlgtV8L7Jc,Been thru Singa 3 times they won't hang her they'll Chicken out ğŸ¤£ğŸ˜†,2023-07-27T13:36:41Z
xJlgtV8L7Jc,"Tried to get a front seat for this execution,  nah all booked out",2023-07-27T13:28:19Z
xJlgtV8L7Jc,"i hope all the activist who support non death penalty will have their mothers, fathers, brothers and sisters anbd children all become addicts themselves.. and see how much of an activitist and compassion they have for these people who peddle them and destroy lives of other",2023-07-27T13:01:09Z
xJlgtV8L7Jc,"Let's GOOOOOOOOOO....life destroyers anyway, no pity should be given....dun forget, these drug traffickers came with eyes wide open!!!!",2023-07-27T11:47:04Z
xJlgtV8L7Jc,"lucky it is Singapore but China,haha",2023-07-27T11:11:35Z
xJlgtV8L7Jc,"spore has big kahunas...never mind outsiders"" criticisms sg hangs drug Traffcars..n users... don't come 2 spore if u deal with drugs ...go 2 friendly countries who weclome drugs...it is not human rights if u cause people misery n death..u die instead.",2023-07-27T10:58:35Z
xJlgtV8L7Jc,"Was she guilty, or did her government frame her for their own unnamed reasons? Death penalty is unholy in all situations.",2023-07-27T08:56:21Z
xJlgtV8L7Jc,"I agree with their government, in fact, they should change the law, to broke / amputate hand for stealing, leg for robbering, to reduce crime rate, a person who commit crime need to know they are ready for their punishment.",2023-07-27T08:14:12Z
xJlgtV8L7Jc,Why does this page protect racism? South China Morning Post showed an interview with Margaret Cho saying when Asians want to be productive they really want to be White. SCMP seems to agree with this antiwhiteism racism. Do they believe this is Asian self-hatred too?,2023-07-27T05:29:13Z
xJlgtV8L7Jc,"Stand Firm, Knock Drugs Out!",2023-07-27T05:01:13Z
xJlgtV8L7Jc,Welcome Richard Branson to Singapore to debate..ğŸ˜‚,2023-07-27T04:30:15Z
xJlgtV8L7Jc,"I bet Singapore doesnâ€™t have people strung out on dope like in Kensington Avenue in Philly , San Francisco, Seattle Portland.",2023-07-27T04:15:38Z
xJlgtV8L7Jc,Next Singapore execution politician couple scandal,2023-07-27T04:15:28Z
xJlgtV8L7Jc,what a barbaric law. even their own people are struggling to make ends meet.,2023-07-27T03:44:12Z
xJlgtV8L7Jc,We need that law here in the Philippines but the idiot Democratic party won't pass it.,2023-07-27T02:32:03Z
xJlgtV8L7Jc,I love the background music,2023-07-27T02:15:26Z
xJlgtV8L7Jc,based,2023-07-27T01:35:57Z
xJlgtV8L7Jc,"30 grams for death penality? 30 grams is probably less than what my junk neighbors snort in a month. How do you get the drug? Its free, the Canadian Government gives to them.",2023-07-27T00:28:34Z
xJlgtV8L7Jc,only the unattractive people protest it seems like.,2023-07-26T23:17:20Z
xJlgtV8L7Jc,"hanging, who says death penalty has to cost more than keeping violent criminals in jail for life. We need this in the US for violent criminals and corrupted politicians.",2023-07-26T23:11:14Z
xJlgtV8L7Jc,Hence she/they knew how to traffic I'd suggest them to be sentenced to deliver the same amount (minus the officially allowed amount) for public use in hospitals and additionaly fine them with all related transportation/delivery expenses (including the persons hired to do so). It seems inmodest to hang someone after this many years for such an amount in comparison to the amount allowed.,2023-07-26T20:45:54Z
xJlgtV8L7Jc,"Knowing there's a death penalty for drug trafficking in Singapore. Yet, still decides to do it anyway. Imagine there no death penalty. It would be rampant. Singapore is so successful for a reason. STRICT.",2023-07-26T19:47:34Z
xJlgtV8L7Jc,Under the gloss and steel and glass: a corporate dictatorship,2023-07-26T17:50:30Z
xJlgtV8L7Jc,"Don't let your country become like US....zombie on the streets everywhere...
Drugs make them become useless..destroy families..burden of societies and country...",2023-07-26T16:19:40Z
xJlgtV8L7Jc,"hanging/execution is not the problem, it's how long the court cases get dragged out...",2023-07-26T16:17:32Z
xJlgtV8L7Jc,If only they had this stance with child molesters and human traffickers.,2023-07-26T16:08:43Z
xJlgtV8L7Jc,"As long as the guilty is truly guilty, this is simply justice",2023-07-26T16:04:45Z
xJlgtV8L7Jc,stay firm singapor!!,2023-07-26T15:49:27Z
xJlgtV8L7Jc,"I am not too fond of the death penalty but in this case you must look into situation ethics. Think about the families who lose their children and loved ones to drug addiction every day. These drug traffickers are essentially profiting off of death, and the death penalty may well be seen as the only way that justice can be reached. Think about the drug epidemic which is ravaging the western world compared to a relatively safe Singapore",2023-07-26T15:42:36Z
xJlgtV8L7Jc,Well at least it makes drugs in SEA so expensive and less accessible to the general public unlike those in some other part of the world like US = less individuals / families destroyed by drug,2023-07-26T15:35:52Z
xJlgtV8L7Jc,People know the punishment yet they cry about it when they get caught.and then the do goodes are up in arm .tough .you rolled the dice now pay up,2023-07-26T15:01:53Z
xJlgtV8L7Jc,"When you take a step back and look at it, life is a strange and lovely experience.
Working with a financial expert may genuinely set you up for success in life. I'm glad I was able to contact my coach, Marcia Ann Bice , earlier this year since, while others were complaining about the downturn, I was busy cashing out from my portfolio, eventually making over six figures in the first quarter alone..",2023-07-26T14:37:02Z
xJlgtV8L7Jc,Seems a big excessive.,2023-07-26T14:26:36Z
xJlgtV8L7Jc,"They should start to do this in America, they will clean streets out pretty quickly, from all the trash and human pigs that made all that happen.",2023-07-26T14:21:35Z
xJlgtV8L7Jc,I live in UK. We donâ€™t have execution. Penalty is very soft here. Although we do hear about horrendous crimes and known drug smugglers in the news. The general public express their approval to bring death penalty back.,2023-07-26T14:20:20Z
xJlgtV8L7Jc,"Seeing they only hanged 2 drug convict in these long years means the law is working right, don't change it",2023-07-26T13:11:30Z
xJlgtV8L7Jc,Aaare,2023-07-26T13:02:36Z
xJlgtV8L7Jc,Is a fair game,2023-07-26T12:43:16Z
xJlgtV8L7Jc,Well done.well doneâ€¦â€¦,2023-07-26T12:25:41Z
xJlgtV8L7Jc,"Law, Order, and Justice.",2023-07-26T12:14:43Z
xJlgtV8L7Jc,The very fact that so many people are protesting against its use is a testament to just how effective it is as a deterrent,2023-07-26T12:09:05Z
xJlgtV8L7Jc,"Just walk the street of USA infested with drug addicts walking like lifeless zombies along  filthy streets and u tell me which law is more effective.  The one in US or Spore. The pictures speak for itself.  We dont want our safe country turn into one like the one in US. 
To those drug smugglers n pushers out there. If u man enough to do it then be man enough to face up to our law. Its a fair game. Enough warnings are given. If you brave enough to take the risk, we are brave enough to let u face the full force of our law. To those protesters,  until your own love ones are addicted to drugs, you will never understand the harm it brought upon not just the person alone. Family are destroyed bcos of one addict..I hope the day will not come where one of your love ones suffered as a drug addict.",2023-07-26T11:46:31Z
xJlgtV8L7Jc,A WRONG can never right even how many times you try to manipulate it. Choices or Chances you decide. It's your Life.,2023-07-26T11:12:45Z
xJlgtV8L7Jc,Sounds justifiable.,2023-07-26T11:06:09Z
xJlgtV8L7Jc,"Wow! The faith you guys who are cheering for Singapore have in their justice system is amazing. ğŸ¤·â€â™€ï¸How do we know these people are really guilty? I grew up in the hood. Do you know how easy it is to set someone up with drugs? Very easy. The only thing the system usually needs is for you to be in possession of drugs. I don't know the evidence or circumstances behind these convictions. So, I do feel for these people. The death penalty cannot be undone. Don't have such blind faith in the system. It's usually rigged.",2023-07-26T10:35:20Z
xJlgtV8L7Jc,"There are more than 500 executions since 1991, there are only 13 female executions from 1991 which is 3% as compared to males which is 97%. Being a female and drug-free would be a great help in avoiding landing on death row.",2023-07-26T10:27:23Z
xJlgtV8L7Jc,It's kind of scary when you think about the moment you are about to be hanged. I absolutely denounce the death sentence no matter how evil the criminal is.,2023-07-26T10:13:49Z
xJlgtV8L7Jc,Isn't that justified? Drugs harm entire families.,2023-07-26T10:08:46Z
xJlgtV8L7Jc,Finally. A woman.,2023-07-26T10:00:18Z
xJlgtV8L7Jc,"Saridewi binte Djamani was a drug addict who have to resort to drug trafficking to feed her drug addiction. This is tragic and a waste of a life better lived. If I was Saridewi, I would gladly accept the execution, it would be an end to an extremely painful life. Life imprisonment is a living death. Long drop hanging is swift and humane, death is caused by the instantaneous fracture of the C2 or C3 cervical vertebrae. An afterlife or reincarnation would be preferable.",2023-07-26T09:56:32Z
xJlgtV8L7Jc,"There are categories of drug offender on death row: 
1) Drug mules.
2) Drug addicts who have to resort to drug sales and trafficking to feed their habits, as they are unable to have a stable job or income.
3) Non-addicts who become drug dealers and pushers out of their own will or greed.
4) Drug lords, drug syndicate leaders, drug kingpins and ring leaders

3 and 4 are the most unforgivable and culpable, their execution would be justice. As for 1 and 2, their executions are tragic as all of them are low income, poor and came from dismal backgrounds",2023-07-26T09:42:28Z
xJlgtV8L7Jc,"When people turn to drugs it shows that there are pertinent social & family / personal problems that needs to be solved. Some turn to drugs because : (1) Due to bad company and vices that entice them through peer pressure (2) Due to broken family and not able to seek help & counseling (3) Unable to deal / manage and cope with stress arising from studies or work and unnoticed by teachers and parents (4) lack of family love & spiritual peace with oneself.  Hope such drug addicts should seek help from loved ones and professional rehabilitation centers. As for drug traffickers, they are aware of the consequences and should be dealt with by the law. That said, there drug addicts who are forced into trafficking by the drug dealers. Such cases are very sad indeed.",2023-07-26T09:15:23Z
xJlgtV8L7Jc,and what's wrong?,2023-07-26T09:14:24Z
xJlgtV8L7Jc,Think  Sg should Consider to ReAssign Our COVID Ministerial Team to Drug Enforcement Duty â€¦ ie. think they did excellent Job to fish >95% Sgâ€™s COVID Numbers from Obedient Foreigners living in Dormitories scattered around the Islandâ€¦ Admirable Phenomenon ğŸ˜Š,2023-07-26T09:13:12Z
xJlgtV8L7Jc,"20-30 years in prison is torture enough, country has no compassion",2023-07-26T09:12:26Z
xJlgtV8L7Jc,Is Saridewi Djamani Indian?,2023-07-26T09:11:17Z
xJlgtV8L7Jc,Equal rights comes with equal treatments !,2023-07-26T09:10:49Z
xJlgtV8L7Jc,"I have immense respect and appreciation for the Bishop's Flower Seed rescue team's dedication and passion. Their hard work is absolutely admirable, and my heart goes out to all the families involved in this critical time.",2023-07-26T09:04:28Z
xJlgtV8L7Jc,"As an enthusiastic audience member, I am captivated by the dedication and hard work of the Bishop's Flower Seed rescue team. Their commitment adds greater meaning and significance to their mission, and I'm truly amazed by their impressive efforts.",2023-07-26T09:04:26Z
xJlgtV8L7Jc,"Watching this video brings joy and admiration for the Bells of Ireland Seed rescue team's dedication. Their impressive work and commitment deserve recognition, and I feel inspired by their strong leadership and unwavering efforts.",2023-07-26T09:04:24Z
xJlgtV8L7Jc,"As an enthusiastic supporter, I'm amazed by the passion of the Bells of Ireland Seed rescue team. Their commitment to their work is legendary, and I deeply admire their efforts to make a meaningful impact.",2023-07-26T09:04:21Z
xJlgtV8L7Jc,"This video is a captivating spectacle, and I'm truly impressed by the Bells of Ireland Seed rescue team's hard work. They are a perfect example of leaders dedicated to their cause.",2023-07-26T09:04:19Z
xJlgtV8L7Jc,well done .Nothing more than drugs a slow killer of society,2023-07-26T09:01:53Z
xJlgtV8L7Jc,Please keep these laws strict so that evil doers will think thrice before coming ... I am from Malaysia but I really respect Singapore for its laws,2023-07-26T08:59:05Z
xJlgtV8L7Jc,shouldn't had done it in the first place. why are they even protesting..,2023-07-26T08:54:49Z
xJlgtV8L7Jc,A drug smuggler can destroy 100 families destroy lives of innocent peoples what about their lives??? An example must be set!,2023-07-26T08:47:24Z
xJlgtV8L7Jc,So the person whit 50g gets time and the other one with 30g gets death penalty?ğŸ¤”,2023-07-26T08:32:12Z
xJlgtV8L7Jc,"don't break the law of the country.   law is not a joke, it is a life and death",2023-07-26T08:29:30Z
xJlgtV8L7Jc,"Excellebt! Imagine the number 9f lives this drug pushers. Dtig oeddlers, drug couriers have destroyed.",2023-07-26T08:21:33Z
xJlgtV8L7Jc,Just my thoughts ok....Instead of pampering them with a 5 star super quick death HAND THEM OVER TO THE FAMILY let them decide.,2023-07-26T08:19:48Z
xJlgtV8L7Jc,Every nation should adopt death penalty for heinous crimes. Singapore is setting a great example. These protestors are either living in a fairytale or are dumb.,2023-07-26T08:19:49Z
xJlgtV8L7Jc,It's quite easy to avoid the death penalty. Just don't smuggle drugs. Is it really that hard?,2023-07-26T08:16:24Z
xJlgtV8L7Jc,"One of the main reasons why Singapore ğŸ‡¸ğŸ‡¬ can get away with this death sentences, is because most countries that are against it, still have diplomatic relations with Singapore. If they decide to stop, Singapore will be forced to change her laws.",2023-07-26T08:15:47Z
xJlgtV8L7Jc,Singapore is very safe in the streets and a lovely place. Liberalism in the west also creates its own societies cockroaches ğŸª³,2023-07-26T08:06:51Z
xJlgtV8L7Jc,High conviction rate and a severe jail sentence should be sufficient deterrentâ€¦ death penalty for drug related crimes is far fetched,2023-07-26T08:04:44Z
xJlgtV8L7Jc,"So far, the system is working in Singapore. That is why Singapore is #2 safest city in the world, while USA is #129 out of 195. To destroy a country, supply them drugs. Simple ğŸ‘ Same strategy the British did to China in 1820.",2023-07-26T08:04:36Z
xJlgtV8L7Jc,"When are we holding the addicts or ""potential consumers"" accountable ? They are the reason for this demand. They go out *WILLINGLY* searching for these drugs, they are NOT forced. It all starts with the broken homes or lack of mental health.. take accountability for feeding the demand of these drugs. Alcoholics don't go around blaming bars for their abuse - take accountability!",2023-07-26T08:04:03Z
xJlgtV8L7Jc,drugs are poison  i can laugh ovverning watching USA fetanyl problem as a proof.,2023-07-26T07:43:26Z
xJlgtV8L7Jc,Killing != justice. Then what is justice?,2023-07-26T07:40:41Z
xJlgtV8L7Jc,Based,2023-07-26T07:29:43Z
xJlgtV8L7Jc,"Indonesia and Singapore have one of the toughest law against drug trafficking. You traffick, you die, just remember that. Not even any of the high ranking officials nor president from any country can save you.",2023-07-26T07:21:24Z
xJlgtV8L7Jc,One death is too kind! Imagine the amount of broken families due to a single drug dealer coming into Singapore successfully to promote drugs to our Singaporean adults and kids and make them addicts who can no longer function properly in society and perhaps even get into drug trafficking to support their drug addiction further promoting more drug use. One death is too kind.,2023-07-26T07:18:39Z
xJlgtV8L7Jc,"I love Singapore, but death sentence for only 20 grams of heroine? 
I would agree if it was 20 kg but 20g is not even a needle...",2023-07-26T07:15:54Z
xJlgtV8L7Jc,"I have to remind myself that some birds aren't meant to be caged. Their feathers are just too bright. And when they fly away, the part of you that knows it was a sin to lock them up DOES rejoice. But still, the place you live in is that much more drab and empty that they're gone. I guess I just miss my friend. Red 1994",2023-07-26T07:00:26Z
xJlgtV8L7Jc,So don't play play in Singapore,2023-07-26T06:54:56Z
xJlgtV8L7Jc,"Look at America, see how drugs can do to a countryâ€¦ respect Singapore for your strict laws â¤",2023-07-26T06:54:34Z
xJlgtV8L7Jc,"Deterrent is the best form of punishment yet these individuals still persists and take the risk to commit these crimes. For Spore the death penalty is a very serious matter and very conclusive evidence needs to be provided by the prosecutor than the judge will decide on the merits of the case and pass the sentence.
Drugs are a bane and evil in any society and causes lots of crime and misery to the family and friends of the addicts it destroy society's fabric and increases crime rates.",2023-07-26T06:52:35Z
xJlgtV8L7Jc,It doesnâ€™t take much research to see why the death penalty is a poor idea.,2023-07-26T06:46:03Z
xJlgtV8L7Jc,interesting,2023-07-26T06:45:59Z
xJlgtV8L7Jc,"There are many Indian nationals in SingaporeğŸ‡¸ğŸ‡¬ but where to find them?
- At construction sites doing all the backbreaking jobs
- At toilets ğŸš» doing all the cleaning",2023-07-26T06:41:02Z
xJlgtV8L7Jc,"IndiağŸ‡®ğŸ‡³ was once furious with SingaporeğŸ‡¸ğŸ‡¬ PM Lee Hsien Loong
- For telling Singapore's lower house that India's parliament is made up of MPs with criminal records
- Even though most Indians themselves agree with the Singapore PM",2023-07-26T06:38:02Z
xJlgtV8L7Jc,its amused me that human right group always helping criminal,2023-07-26T06:35:14Z
xJlgtV8L7Jc,Indian and malays doing all drug traffickingğŸ˜‚,2023-07-26T06:34:41Z
xJlgtV8L7Jc,Lol,2023-07-26T06:26:32Z
xJlgtV8L7Jc,"Teddy Minahasa was a Regional Police Chief in West Sumatera Indonesia , involved in 5 kilograms drug methamphetamine only to be sentenced to life imprisonment",2023-07-26T06:24:01Z
xJlgtV8L7Jc,An excellent advertisement on the rule of law in Singapore. You reap what you sow. You have been warned. Take the risk. Pay for it!,2023-07-26T06:23:58Z
xJlgtV8L7Jc,"ChineseğŸ‡¨ğŸ‡³ drug bosses operating in South East Asia: 
- Tse Chi Lop, a Chinese-born kingpin, operated near Mekong river in Northern Myanmar,
- Zhao Wei, operated in China's BRI Special Economic Zone in Laos and Northern Myanmar.",2023-07-26T06:21:13Z
xJlgtV8L7Jc,"In 2019, the US had 22 cases of capital punishment while China ğŸ‡¨ğŸ‡³ had more than 1,000.
- and the Chinese regime has advertised that China was ""very safe"" country. Lol",2023-07-26T06:16:32Z
xJlgtV8L7Jc,please dont tlak about benchamrks you make our nations look bad!!!!!!!!!!!!!!!!! enfps are shadow infjs they love to scold societies for failing to meet ideals.,2023-07-26T06:15:35Z
xJlgtV8L7Jc,"When ""Singapore"" ğŸ‡¸ğŸ‡¬ is mentioned, people think of 2 things:
- No chewing gum, and
- Capital punishment for petty crimes.",2023-07-26T06:14:43Z
xJlgtV8L7Jc,"It's been 20 years? How have we been killing the rest? Eh whatevs, not even a public execution.",2023-07-26T06:13:32Z
xJlgtV8L7Jc,Using drugs is a poor choice (some also say addiction is an illness) but those who sell them are just murderer. I wish laws were as strict as there in our free and fun Western countries where too many lives are lost everyday to drugs.,2023-07-26T06:05:40Z
xJlgtV8L7Jc,Just put them to sleep first.,2023-07-26T06:02:30Z
xJlgtV8L7Jc,"That's why drug traffickers should shun Singapore as their ""favourite destination"". Just look at what ""human rights"" does to US - streets full of zombies under the influence of Fentanyl (imported from China)?",2023-07-26T06:00:37Z
xJlgtV8L7Jc,Great Singapore.I hope Philippines do this also to eradicate drug lord syndicate and drug epidemic and eliminate all drug involvement from govt to public.,2023-07-26T05:57:44Z
xJlgtV8L7Jc,Donâ€™t wanna be hang? Donâ€™t do drugs! Simple!,2023-07-26T05:57:36Z
xJlgtV8L7Jc,"These young protesters are ignorant, naive!!",2023-07-26T05:57:21Z
xJlgtV8L7Jc,"Why do some people defend drug dealers in the name of human rights? Don't they think about the rights of innocent people who become victims when these dealers operate? If you don't want to end up getting hanged for breaking anti-drug laws, then just don't sell drugs. It's as simple as that. Feel free to move to another country you think is more liberal and humane, like the USA, or something. 

Have you ever purchased a product due to its enticing promotion, even though you didn't actually need it? Unknowingly lured, you succumbed to the allure of the offer. This analogy holds true; if no dealers were offering drugs, there would be no buyers falling victim to its grasp.

Nevertheless, criminal acts remain criminal acts. I believe no one would willingly accept the tragic loss of a family member due to drug consumption. The devastating consequences of drug abuse underscore the importance of addressing the root causes and discouraging any involvement with such harmful substances.",2023-07-26T05:51:53Z
xJlgtV8L7Jc,"30 kilo I understand but 30 gram ????
Common Singapore",2023-07-26T05:50:45Z
xJlgtV8L7Jc,W Singapore,2023-07-26T05:50:23Z
xJlgtV8L7Jc,Barbaric .,2023-07-26T05:49:51Z
xJlgtV8L7Jc,Imagine you are traveling to Singapore and some enemy put pinch of power in to your pocket   . thats it. .,2023-07-26T05:44:56Z
xJlgtV8L7Jc,Singapore is shortage of cheap labour make them do hard labour building houses for 50 years 12 hours a day that way nobody can criticise the death penaltyâ€¦â€¦..,2023-07-26T05:44:10Z
xJlgtV8L7Jc,Look at all those youngsters protesting. LKY once said that at the end of the day decisions have got to be made by adults not teenagers,2023-07-26T05:43:58Z
xJlgtV8L7Jc,"When will India learn 
Bollywood has turned into a drug mafia",2023-07-26T05:40:42Z
xJlgtV8L7Jc,Expats should go to Hong Kong instead. Drugs laws are more lax and the Gwai Low can enjoy their drug parties with the locals and their children in peace,2023-07-26T05:37:46Z
xJlgtV8L7Jc,Modi Uncle will save that Hindu Women,2023-07-26T05:36:57Z
xJlgtV8L7Jc,Many countries envy Singapore for its Strict laws & orders - peace & harmony for its citizens ğŸ˜ŠğŸ˜ŠğŸ˜Šâ¤â¤â¤ğŸ‘ğŸ‘ğŸ‘,2023-07-26T05:35:10Z
xJlgtV8L7Jc,"death penalty should have be implemented now that anything related to illigal drugs  is deadly. However in my country ""human rights"" is protecting those devils i wonder why ?",2023-07-26T05:31:36Z
xJlgtV8L7Jc,Bravo Singapore,2023-07-26T05:31:20Z
xJlgtV8L7Jc,"And that is why there are much less drug addicts walking the streets of Singapore. Because there are consequences in that country. 

But they should stay their death penalty if they can help arrest the ring leaders, the source of the poison.",2023-07-26T05:30:49Z
xJlgtV8L7Jc,#WhereIsQinCcpGang$ter,2023-07-26T05:26:43Z
xJlgtV8L7Jc,"Singapore IS right to execute drug traffickers. 

Those who donâ€™t agree to it can get out of Singapore and permanently stay in Afghanistan who are producing loads to drugs with the aim to flood the world with it as Islamic terrorism. 

The greedy Thais are also planting and selling cannabis as part of the food product . 

Those who donâ€™t agree with Singapore on her love for the right thinking people and the country to eliminate drugs can renounce their Singapore citizenship and move to stay in Afghanistan permanently.",2023-07-26T05:23:09Z
xJlgtV8L7Jc,These protesters challenge the laws ğŸ¤¦,2023-07-26T05:22:48Z
xJlgtV8L7Jc,"America should adopt this policy - it would solve the drug problem within 12 months and save countless lives. Over 100,000 US drug overdose deaths in 2021 - and the Fentenyl crisis means this figure is heading to 200,000 annually.",2023-07-26T05:21:52Z
xJlgtV8L7Jc,"They do have almost zero crime. 
Their process works.",2023-07-26T05:21:49Z
xJlgtV8L7Jc,"What about if someone who got convicted actually got set up? 
Like someone who wants you dead planted drugs in your baggage and you canâ€™t prove your innocence .",2023-07-26T05:21:46Z
xJlgtV8L7Jc,"This is what we need in America,",2023-07-26T05:20:03Z
xJlgtV8L7Jc,ICC is waving hahahahahahahaha west is very quiet....,2023-07-26T05:19:50Z
xJlgtV8L7Jc,RIPğŸ˜¢,2023-07-26T05:15:51Z
xJlgtV8L7Jc,"And that's why Singapore is such a safe country.  You mess around, You find out!  ğŸ˜‚.  Oh yeah and the beats in this hanging video is pretty dope as well .ğŸ˜…",2023-07-26T05:15:08Z
xJlgtV8L7Jc,"1:11 These youngsters (and human rights activists) don't understand that a single Drug Pusher can easily destroy the lives of several families. Killing Drug Pusher is mercy. 

To human rights activists, tell you what: Do you know what is the situation in Libya, Syria, Iraq after the WEST destroyed their country? You ought to go and do your ""Human Rights Activities"" there!",2023-07-26T05:13:48Z
xJlgtV8L7Jc,"Most people are against capital punishment for drug trafficking but, after finding out that one of their children is a drug addict, these same people would want to see bodies of drug traffickers piled up sky high. Be rest assured",2023-07-26T05:13:30Z
xJlgtV8L7Jc,Where was the human rights groups when these drug runners were out there ruining lives?,2023-07-26T05:13:00Z
xJlgtV8L7Jc,ğŸ˜‚ğŸ˜‚ğŸ˜‚,2023-07-26T05:11:54Z
xJlgtV8L7Jc,drugs are legal,2023-07-26T05:11:09Z
xJlgtV8L7Jc,Sad but necessary. One to die but many saved from the drigs not reaching them.,2023-07-26T05:08:27Z
xJlgtV8L7Jc,Barbaric!,2023-07-26T05:05:15Z
xJlgtV8L7Jc,If they wanted to sell drugs. Please sell in their own country! Singapore is not a place for drugs!!,2023-07-26T05:03:42Z
xJlgtV8L7Jc,Hang in there grandma !,2023-07-26T05:03:21Z
xJlgtV8L7Jc,Most of South East Asia country give drug smugglers death penalty.,2023-07-26T05:02:48Z
xJlgtV8L7Jc,ask the protestors to get out of singapore,2023-07-26T05:00:21Z
xJlgtV8L7Jc,30 Grams of drugs? Death penalty? Thatâ€™s way too harsh. Thatâ€™s so little of an amount she ainâ€™t selling it. I guarantee rich dudes that live in Singapore can bring in as much dope as they want. ğŸ˜ ,2023-07-26T04:58:24Z
xJlgtV8L7Jc,I hope drug dealers hear this and start trafficking business in UK as the criminal justice here is as hard as slap in the wrist. ğŸ˜‚ğŸ˜‚ğŸ˜‚,2023-07-26T04:57:53Z
xJlgtV8L7Jc,Sometimes holidays in the third world countries doesn't seem so attractive.,2023-07-26T04:57:49Z
xJlgtV8L7Jc,Imagine how many families that have been harmed by the drugs these drug smugglers brought in . Bringing death to other people but not wanting to pay the death penalty when caught ğŸ™„ Donâ€™t blame the law when you make poor life choices .,2023-07-26T04:56:02Z
xJlgtV8L7Jc,Support capital punishment on drug abuse. Don't give in to the protestors. Drugs can destroy a nation.,2023-07-26T04:55:26Z
xJlgtV8L7Jc,"Funny how most of the opponents of death penalty are women with a lot of empathy, lenience, and tolerance. They arenâ€™t fit to govern the country let alone have a say in this matter because they take not having drugs around them for granted. Well done Singapore for incorporating a simple yet effective solution to the spread of drugs ğŸ‰",2023-07-26T04:52:34Z
xJlgtV8L7Jc,"What a wonderful country Singapore is, setting an example for the whole world to see.",2023-07-26T04:50:12Z
xJlgtV8L7Jc,We need this in the philippines,2023-07-26T04:49:33Z
xJlgtV8L7Jc,The death penalty didn't deter her.,2023-07-26T04:45:24Z
xJlgtV8L7Jc,Well it will definitely deter those who got caught to do it the second time.,2023-07-26T04:43:23Z
xJlgtV8L7Jc,"Respect the law in Singapore , why still  taking risk when know about the strict law on drug?",2023-07-26T04:43:02Z
xJlgtV8L7Jc,"While it's clearly wrong to traffick drugs, the death penalty is too much. I believe there should be better ways to deal with this.",2023-07-26T04:42:18Z
xJlgtV8L7Jc,Better include those lgbt ğŸ˜‚,2023-07-26T04:40:56Z
xJlgtV8L7Jc,if only mexico did this,2023-07-26T04:39:41Z
xJlgtV8L7Jc,"wow i didnt know theres a country that executes by hanging, that sounds like old times",2023-07-26T04:37:45Z
xJlgtV8L7Jc,Hanging doesnt deter crime.,2023-07-26T04:28:00Z
xJlgtV8L7Jc,1:07 â€œwe want drugsâ€¦ we want drugsâ€,2023-07-26T04:27:38Z
xJlgtV8L7Jc,It doesn't deterrent against crime. It makes Singapore less democracy.,2023-07-26T04:23:58Z
xJlgtV8L7Jc,Singapore is North Korea with money,2023-07-26T04:20:46Z
xJlgtV8L7Jc,This scares me from going there. Imagine getting a small amount of illegal stuff planted on you either accidentally or intentionally by someone who dislikes you.,2023-07-26T04:17:54Z
xJlgtV8L7Jc,"You are warned not to bring drugs into Singapore. If you still choose to, it is your choice. Don't blame anyone.",2023-07-26T04:15:01Z
xJlgtV8L7Jc,How can I get a hanging job?,2023-07-26T04:13:35Z
xJlgtV8L7Jc,Why are all the signs in English? Genuinely curious.,2023-07-26T04:08:45Z
xJlgtV8L7Jc,"ğŸ‘â˜ºï¸Bring these Death Penalty laws to San Francisco , CA ğŸ‡ºğŸ‡¸... Singapore ğŸ‡¸ğŸ‡¬#1.",2023-07-26T04:07:04Z
xJlgtV8L7Jc,"Now this is justice. Pretty sure crime rate will drop dramatically in the US if they reinstated public hanging, because all the repeat offenders will be gone.",2023-07-26T04:07:03Z
xJlgtV8L7Jc,3rd world country,2023-07-26T04:04:55Z
xJlgtV8L7Jc,Based,2023-07-26T04:01:55Z
